Chicken - Livers;24.552058275;VND
Cranberries - Frozen;90.924683146;RUB
Snapple - Iced Tea Peach;50.026479451;SEK
Shrimp - 150 - 250;45.779457951;IDR
Milk 2% 500 Ml;5.093896966;EUR
Bread - Roll, Whole Wheat;50.579951217;MYR
Mushroom - Porcini Frozen;92.177489689;CAD
Cheese - Blue;83.805409202;IRR
Nacho Chips;58.22135972;EUR
Food Colouring - Blue;39.174548539;CVE
Mangostein;52.840709592;ARS
Tea - Earl Grey;64.621087811;GTQ
Chicken - Diced, Cooked;8.617647627;CNY
Rosemary - Dry;93.729920653;CNY
Shiratamako - Rice Flour;54.066122291;EUR
Soup - Campbells Chili;48.365933608;CNY
Cardamon Ground;54.35131842;IDR
Lettuce - Lolla Rosa;29.826278114;CZK
Fruit Mix - Light;53.878775462;CNY
Truffle Cups Green;96.725861333;BRL
Cheese - Brick With Onion;76.997384675;EUR
Wine - White, Ej Gallo;71.110029995;BRL
Beef - Short Ribs;80.847989602;COP
Rice Pilaf, Dry,package;65.478978664;CNY
Potatoes - Yukon Gold, 80 Ct;15.639981494;USD
Bread - Italian Corn Meal Poly;34.965864069;HNL
Syrup - Monin, Irish Cream;52.79823064;CNY
Potatoes - Idaho 80 Count;98.758642333;RUB
Flavouring - Raspberry;2.241591722;CNY
Lettuce - Curly Endive;81.098761036;BYR
Beef - Salted;20.559957547;SYP
Towels - Paper / Kraft;63.673185504;AFN
Icecream - Dibs;45.913466852;CZK
Cranberries - Dry;52.428549459;PHP
Cheese - Cheddar, Old White;48.058315171;CNY
Cheese - Mix;2.722218345;CNY
Hinge W Undercut;27.679480213;EUR
Magnotta - Bel Paese White;60.325519872;PHP
Pastry - Mini French Pastries;76.152979449;CNY
Nut - Pumpkin Seeds;91.635970876;NGN
Cup - 6oz, Foam;67.955458781;CNY
Calypso - Strawberry Lemonade;43.298568139;CNY
Tortillas - Flour, 12;86.699862317;BRL
Grenadine;3.906430737;EUR
Raisin - Golden;34.7294799;CNY
Soup - Campbells Pasta Fagioli;86.027059509;MUR
Table Cloth 62x120 White;43.412726121;RUB
Ocean Spray - Ruby Red;74.062808805;XAF
Coffee Swiss Choc Almond;39.232586837;EUR
Beef - Cow Feet Split;61.074030298;PLN
Wine - Dubouef Macon - Villages;61.880297968;CNY
Wine - Penfolds Koonuga Hill;36.081669666;USD
Pastry - Plain Baked Croissant;92.764125475;RUB
Pork - Butt, Boneless;15.988469254;CNY
Jameson - Irish Whiskey;55.273111316;EUR
Bag Stand;18.266345177;PEN
Muskox - French Rack;61.435640109;CNY
C - Plus, Orange;94.787434412;IDR
Pasta - Fett Alfredo, Single Serve;59.268670827;MXN
Shichimi Togarashi Peppeers;88.698785869;CNY
Sole - Dover, Whole, Fresh;90.971074969;RUB
Energy Drink Red Bull;59.943912276;SEK
Cookies - Englishbay Oatmeal;62.928378111;EUR
Plate - Foam, Bread And Butter;11.838892446;CNY
Juice - Tomato, 10 Oz;60.727221258;AMD
Rum - Coconut, Malibu;58.321504511;CNY
Wine - Ej Gallo Sonoma;28.774296527;CNY
Nut - Chestnuts, Whole;78.725423078;IQD
Grapefruit - White;57.800431004;RUB
Lid Coffeecup 12oz D9542b;98.187771459;NIO
Bread - 10 Grain Parisian;23.416802259;USD
Cheese - Cheddar, Medium;95.429699264;RUB
Gloves - Goldtouch Disposable;59.998023163;CNY
Potatoes - Idaho 80 Count;68.091998418;YER
Extract - Vanilla,artificial;97.250782607;CNY
Tea - Herbal Orange Spice;4.752207346;EUR
Wine - Ice Wine;36.372383047;JPY
Sachet;6.326776222;CNY
Soup - Campbells Chicken;81.746681065;AUD
Grapes - Red;66.003382314;CNY
Crab - Claws, Snow 16 - 24;36.205919316;SEK
Towel Multifold;26.554250361;XOF
Banana - Leaves;68.734191246;PLN
Wine - Vidal Icewine Magnotta;32.330375748;RUB
Bread - Dark Rye, Loaf;17.210244654;CNY
Chicken - Whole Roasting;40.02743838;CNY
Chocolate - Liqueur Cups With Foil;54.215613642;CNY
Noodles - Steamed Chow Mein;90.211405057;USD
Sprite, Diet - 355ml;42.62353485;PHP
Swiss Chard - Red;10.109153231;SEK
Beets;58.156966473;RUB
Maple Syrup;23.663948646;ILS
Pears - Anjou;30.959810563;CNY
Hummus - Spread;64.429621932;XAF
Sauce - Salsa;80.39517676;VND
Nestea - Iced Tea;51.254638287;PHP
Table Cloth 62x114 Colour;11.900996952;BRL
Garlic - Primerba, Paste;21.966789167;IRR
Wine - Chardonnay Mondavi;84.304586507;CNY
Tea - Lemon Green Tea;49.429262676;PLN
Beans - Navy, Dry;26.890910202;ILS
Syrup - Monin - Passion Fruit;45.792190579;UGX
Puree - Strawberry;82.113900217;CNY
Fondant - Icing;56.121949221;PLN
Tea Peppermint;39.225122951;GEL
Lamb - Shanks;32.929757285;ARS
Wine - Chateau Timberlay;46.566491741;PLN
Muffin Mix - Corn Harvest;68.493989546;ARS
Chick Peas - Dried;71.997935355;CAD
Veal - Knuckle;75.467773819;YER
Mousse - Passion Fruit;88.313655339;EUR
Pepper - Yellow Bell;39.017696908;MNT
Cinnamon - Stick;99.350952145;EUR
Oven Mitts - 15 Inch;91.331537895;USD
Pumpkin - Seed;23.300094307;PHP
Lighter - Bbq;86.077452712;UAH
Longos - Lasagna Beef;88.976750642;PHP
Broom - Push;28.809031019;CNY
Pork - European Side Bacon;81.399029385;PHP
Rice Wine - Aji Mirin;25.986011853;NPR
Basil - Pesto Sauce;91.611391052;IDR
Squeeze Bottle;66.139803321;SEK
Lettuce - Curly Endive;69.705501203;BRL
Russian Prince;22.475155803;CNY
Wine - Semi Dry Riesling Vineland;22.746585398;EGP
Potatoes - Yukon Gold, 80 Ct;16.810788548;ARS
Pepper - Julienne, Frozen;58.458328399;COP
Banana Turning;10.750573564;EUR
Cheese - Woolwich Goat, Log;84.124326544;CNY
Kellogs Raisan Bran Bars;89.898926786;MNT
Napkin - Dinner, White;41.494241344;EUR
Cheese - Cottage Cheese;41.719403338;CNY
Cup - 3.5oz, Foam;72.054722187;KPW
Coconut Milk - Unsweetened;1.770706896;IDR
Chocolate Bar - Smarties;87.936394956;EUR
Vermouth - Sweet, Cinzano;23.576966871;USD
Vol Au Vents;21.188855331;IDR
Cheese - Parmigiano Reggiano;43.011714988;CNY
Chicken - Base;84.690235617;IDR
Baking Soda;25.47627949;PLN
Corn - On The Cob;56.588668511;CNY
Beer - Labatt Blue;73.973776276;EUR
Cheese - La Sauvagine;81.198126341;EUR
Cranberries - Frozen;77.152969937;KRW
Lamb Leg - Bone - In Nz;90.143846637;CNY
Wine - Soave Folonari;82.49148268;PHP
Extract - Vanilla,artificial;81.9905426;PKR
Island Oasis - Pina Colada;49.920220458;ARS
Sauce - Black Current, Dry Mix;46.938795748;ILS
Cheese - Cheddarsliced;31.325533374;SEK
Pepper - Jalapeno;25.348737437;UAH
Iced Tea - Lemon, 460 Ml;20.95379748;IDR
Juice - Ocean Spray Cranberry;94.271573843;CLP
Bread Base - Toscano;65.794586092;CZK
Oats Large Flake;87.750366915;EUR
Cheese - Havarti, Salsa;1.247035685;USD
Sugar - Brown, Individual;78.79271364;COP
Wine - Magnotta, White;32.94176593;PEN
Cookies - Oreo, 4 Pack;0.975887939;IDR
Port - 74 Brights;99.10420041;CNY
Everfresh Products;60.156648039;EUR
Beans - Wax;39.045199589;RUB
Mushroom - Oyster, Fresh;96.884421533;IDR
Wine - Cotes Du Rhone Parallele;3.672734018;EUR
Juice - Orangina;26.874861851;CNY
Cheese Cloth;88.306485336;EUR
Mangostein;58.445588868;USD
Juice - Cranberry 284ml;79.478950949;GTQ
Tea Leaves - Oolong;12.852621961;AMD
Pepper - White, Whole;82.248393024;CNY
Soup V8 Roasted Red Pepper;32.913064822;CUP
Nut - Hazelnut, Ground, Natural;77.681565858;SEK
Soda Water - Club Soda, 355 Ml;74.528038205;PHP
Foam Cup 6 Oz;13.74648782;VEF
Wine - Red, Wolf Blass, Yellow;56.34572643;AFN
Water, Tap;80.801696829;CNY
Brandy Cherry - Mcguinness;14.632924978;EUR
Ham - Virginia;45.229385445;COP
Sauce - Rosee;55.924187305;RUB
Soup - Cream Of Broccoli, Dry;58.59532089;RUB
Potatoes - Fingerling 4 Oz;76.792789584;BRL
Sauce - White, Mix;52.131332985;COP
Marsala - Sperone, Fine, D.o.c.;51.384462459;KHR
Red Currants;45.042983043;BRL
Mussels - Frozen;76.402540249;ALL
Squash - Pattypan, Yellow;17.901681154;BRL
Salt And Pepper Mix - White;25.736820934;JPY
Juice - Mango;70.313088288;SEK
Apple - Delicious, Red;6.846445948;KWD
Melon - Watermelon, Seedless;77.058305171;RUB
Bread Sour Rolls;75.678580487;THB
Pail - 4l White, With Handle;34.760632491;MXN
Wine - Chablis 2003 Champs;82.304973878;PLN
Wine - Shiraz South Eastern;24.312861378;PEN
Lentils - Green, Dry;58.264231469;IDR
Vinegar - White;48.505600568;CNY
Pasta - Angel Hair;64.802627434;CNY
Coffee Decaf Colombian;13.152023076;CNY
Flower - Potmums;41.313227973;CNY
Rice - Wild;57.223236738;BWP
Longan;76.74510499;PEN
Dome Lid Clear P92008h;71.871634066;IDR
Lettuce - Iceberg;10.271247024;CZK
Initation Crab Meat;78.758483446;IDR
Turnip - White, Organic;16.127981151;PLN
Lamb Rack Frenched Australian;70.320039303;PHP
Spice - Peppercorn Melange;6.958527215;RSD
Eggplant - Asian;30.472782595;ILS
Watercress;7.45302758;PHP
Yeast Dry - Fleischman;74.709023224;CAD
Flour - Strong;53.74797835;EUR
Oil - Olive Bertolli;84.754848256;PHP
Sauce Bbq Smokey;55.158912746;IDR
Wine - German Riesling;52.384911743;VEF
Cleaner - Bleach;25.692310886;GBP
Cheese - Brie;60.212215064;CNY
Beef - Ox Tongue;35.052662756;USD
Pie Box - Cello Window 2.5;5.255018907;CNY
Munchies Honey Sweet Trail Mix;96.817835245;IDR
Versatainer Nc - 888;70.029189435;RSD
Soup - Campbells, Lentil;65.927990415;EUR
Hand Towel;58.872300682;PLN
Bandage - Flexible Neon;95.222430559;NGN
Lentils - Green Le Puy;88.845599211;PHP
Cheese - Swiss Sliced;99.624656322;SEK
Foam Cup 6 Oz;98.616234199;PHP
Cup - Translucent 7 Oz Clear;89.671972412;CNY
Wine - Domaine Boyar Royal;99.963714758;CNY
Ezy Change Mophandle;10.801946857;ETB
Coffee - Espresso;93.265693478;CNY
Bread - Pita;71.853022916;EUR
Appetizer - Mango Chevre;76.922246608;RUB
Glaze - Clear;93.016072353;IDR
Curry Paste - Green Masala;97.518251294;CNY
Sugar - Palm;24.743799086;CNY
Squash - Acorn;80.785951809;CDF
Sage Derby;52.571532739;PHP
Lamb Tenderloin Nz Fr;6.605185968;PHP
Loquat;58.371350292;EUR
Mahi Mahi;71.426278008;CNY
Cheese - Brie;97.996463651;MXN
Halibut - Steaks;45.47812642;IDR
Pepper - White, Whole;94.307078945;CNY
Wine - Riesling Alsace Ac 2001;20.076445142;HRK
Wine - Bourgogne 2002, La;25.855924504;IDR
Juice - Cranberry 284ml;67.300523869;BRL
Lettuce - Green Leaf;94.031591784;PHP
Chocolate - Pistoles, White;91.001570448;EUR
Dome Lid Clear P92008h;47.243192173;VND
Butcher Twine 4r;60.352403638;ARS
Appetizer - Mushroom Tart;79.619087593;CNY
Artichokes - Jerusalem;14.576941879;CNY
Shallots;20.570758239;NAD
Galliano;40.916096005;PLN
Easy Off Oven Cleaner;68.262732041;BRL
Beer - Guiness;98.830757032;PEN
Wine - Malbec Trapiche Reserve;0.856951726;PLN
Soup - Cream Of Broccoli, Dry;58.375234184;CNY
Clams - Canned;27.241248018;YER
Blueberries;89.812087156;EUR
Squash - Butternut;75.449446328;CNY
Mushroom - Porcini Frozen;32.051877389;JPY
Milk - Chocolate 250 Ml;81.136122892;CNY
Crush - Orange, 355ml;79.460054315;ZAR
Numi - Assorted Teas;7.128714177;PEN
Sunflower Seed Raw;90.241272578;CZK
Salmon Steak - Cohoe 8 Oz;51.271514545;USD
Juice - Lemon;67.274490607;RUB
Muffin - Banana Nut Individual;17.195718749;NGN
Wine - Rhine Riesling Wolf Blass;75.318103386;CNY
Black Currants;55.160559412;EUR
Aromat Spice / Seasoning;24.334726086;CNY
Island Oasis - Lemonade;60.304575291;VEF
Bread - Triangle White;1.251855535;IDR
Nut - Macadamia;86.945085908;UAH
Salmon - Atlantic, Fresh, Whole;89.75828095;PHP
Island Oasis - Sweet And Sour Mix;42.083604085;IDR
Grenadillo;49.239066354;NGN
Juice - Prune;12.139201931;IDR
Sausage - Liver;59.568462697;IDR
Carrots - Jumbo;94.990124879;PHP
Soda Water - Club Soda, 355 Ml;92.745062112;EUR
Mushroom - Morels, Dry;0.914903099;EUR
Rice Wine - Aji Mirin;15.499961677;CNY
Ham - Cooked Bayonne Tinned;30.689292766;RSD
Coffee - Colombian, Portioned;77.281603812;USD
Table Cloth 54x54 Colour;88.074385381;EUR
Chips - Assorted;34.273681013;PHP
Bread - Pumpernickel;18.866203242;IDR
Sauce - Soy Low Sodium - 3.87l;31.328493026;PLN
Kohlrabi;67.061292638;CNY
Cactus Pads;62.612031655;ILS
Soup - Campbells, Butternut;26.24911397;DZD
Beef - Top Sirloin - Aaa;64.909155729;EUR
Yeast Dry - Fermipan;26.875210886;BRL
Crackers Cheez It;40.279139759;BAM
Pheasants - Whole;10.350581157;CZK
Horseradish Root;27.336841222;IDR
Bread - Raisin Walnut Pull;84.551409231;EUR
Yeast - Fresh, Fleischman;45.820313047;CNY
Crab - Meat Combo;76.845637549;EUR
Nut - Peanut, Roasted;95.259918838;PHP
Lettuce - Lambs Mash;5.277546795;SEK
Pie Box - Cello Window 2.5;41.019515192;VND
Beef - Ox Tongue;87.517625637;THB
Nantucket Cranberry Juice;78.32276823;CNY
Tomatoes - Yellow Hot House;26.761844461;KMF
Beef - Short Loin;36.976840596;PEN
Walkers Special Old Whiskey;88.469584246;PHP
Soup - Knorr, Classic Can. Chili;91.574767715;IDR
Soup - Campbells, Beef Barley;81.611245815;CNY
Lemonade - Black Cherry, 591 Ml;46.594538361;CNY
Cheese - Comte;53.319962933;RUB
Ice Cream Bar - Hagen Daz;86.185990922;UAH
Turkey - Whole, Fresh;70.998098374;IDR
Garlic - Elephant;38.096875186;IDR
Cleaner - Pine Sol;36.946606161;ARS
Loaf Pan - 2 Lb, Foil;58.191194653;IDR
Pork - Bacon Cooked Slcd;65.908720665;ALL
Orange - Tangerine;17.682544051;AMD
Beer - Mcauslan Apricot;36.521264105;XOF
Bread Ww Cluster;54.208688665;VEF
Artichoke - Hearts, Canned;35.936888942;EUR
Rabbit - Saddles;57.231098878;EUR
Blue Curacao - Marie Brizard;98.170242091;IDR
Chicken - Breast, 5 - 7 Oz;74.566922441;THB
Evaporated Milk - Skim;97.293493743;YER
Cheese - Boursin, Garlic / Herbs;37.052819885;EUR
Sweet Pea Sprouts;96.580379528;RUB
Nut - Pumpkin Seeds;56.760516366;CNY
Carrots - Jumbo;63.335211708;BWP
Chips - Assorted;29.362317918;DOP
Foam Tray S2;44.945226372;CZK
Nut - Pistachio, Shelled;49.556927358;RUB
Cranberry Foccacia;18.595729136;CNY
Foil - Round Foil;75.978073872;LBP
Dry Ice;50.710086121;CNY
Chinese Foods - Chicken;19.40664121;ARS
Puree - Kiwi;43.380327709;JPY
Salmon - Atlantic, No Skin;77.842218603;CAD
Wine - Wyndham Estate Bin 777;20.148726776;EUR
Cabbage - Nappa;29.484778854;IDR
Soup - Canadian Pea, Dry Mix;38.541432406;CAD
Bread - Multigrain;29.9546597;CZK
Sugar - Fine;13.931873326;USD
Sugar Thermometer;27.2161257;CNY
Bay Leaf Ground;25.16139252;CUP
Grenadine;61.230497497;IDR
Oil - Grapeseed Oil;71.026818134;EUR
Everfresh Products;88.489699543;PHP
Wine - Stoneliegh Sauvignon;37.769295069;SEK
Pork - Bacon Cooked Slcd;94.025318259;RUB
Tomatoes Tear Drop Yellow;52.183221421;CNY
Muffin Mix - Chocolate Chip;84.819975787;PHP
Lid - High Heat, Super Clear;38.223960991;CDF
Crab - Meat;76.489689794;MXN
Beans - Turtle, Black, Dry;31.8425326;IDR
Soup - Campbells Chili;81.53889623;EUR
Capers - Pickled;42.680023954;HRK
Bread - English Muffin;62.211709287;BYR
Wine - Taylors Reserve;81.01665643;RUB
Lid Coffeecup 12oz D9542b;82.101378367;PHP
Pepper - Red, Finger Hot;51.392519495;EUR
Beef - Baby, Liver;27.576084784;CNY
Tomatoes - Plum, Canned;66.669132944;CNY
Mackerel Whole Fresh;46.432623387;IDR
Sole - Iqf;56.913993376;PAB
Chocolate - Chips Compound;41.824114544;PHP
Creme De Cacao Mcguines;89.155999973;EUR
Cotton Wet Mop 16 Oz;67.20866642;ILS
Wine - Mondavi Coastal Private;62.835229737;CAD
Yeast Dry - Fleischman;60.02518043;CNY
Neckerchief Blck;44.400034058;MAD
Oregano - Fresh;20.703500903;IDR
Corn - Mini;54.669216239;IDR
Oil - Sunflower;73.895248298;IDR
Muffin - Mix - Strawberry Rhubarb;49.82976582;KZT
Creamers - 10%;40.594714489;HTG
Soup - Campbells Beef Strogonoff;88.388000611;CNY
Ostrich - Prime Cut;45.043675778;CZK
Muffin Orange Individual;27.160399676;NIO
Mussels - Cultivated;16.074884475;EUR
Pork - Sausage, Medium;76.844230393;MXN
Sachet;18.035590292;IDR
Beer - Tetleys;71.95031168;NOK
Chinese Foods - Plain Fried Rice;54.113708781;EUR
Tomatoes - Roma;31.449982345;PLN
Wine - Conde De Valdemar;61.082933785;AFN
Ham - Cooked Italian;73.336566441;NOK
Club Soda - Schweppes, 355 Ml;16.988153853;VND
Juice - Apple, 1.36l;45.628063901;CNY
Cheese - Gouda Smoked;89.666449781;BRL
Beans - Butter Lrg Lima;26.168035229;COP
Laundry - Bag Cloth;95.759399079;CNY
Ginger - Ground;78.137869778;CNY
Bread - Rolls, Corn;61.234651244;RUB
Cheese - Brie, Cups 125g;49.854184252;CAD
Bulgar;21.2321631;ALL
Bread - Olive;75.11963635;PLN
Wine - Red, Antinori Santa;10.145954873;SEK
Sandwich Wrap;61.69784152;CNY
Soup - Campbells, Creamy;75.362770407;CNY
Tray - Foam, Square 4 - S;34.942566024;RUB
Instant Coffee;13.270370643;COP
Muffin Mix - Chocolate Chip;22.223921479;CNY
Brandy - Bar;48.749663673;CNY
Peach - Halves;47.462772178;LBP
Chicken Breast Halal;54.854880947;YER
Broccoli - Fresh;60.510846966;BAM
Soup - Campbells, Classic Chix;11.372916293;CNY
Tomato - Green;74.531373488;PLN
Cookie Dough - Chocolate Chip;25.41716876;KZT
Foam Tray S2;11.225782501;EUR
True - Vue Containers;71.954605447;EUR
Pasta - Tortellini, Fresh;57.554343151;IDR
Bagel - 12 Grain Preslice;29.840860122;PLN
Towels - Paper / Kraft;92.825960067;KRW
Wine - Fat Bastard Merlot;99.585440556;JMD
Kaffir Lime Leaves;60.93388214;PHP
Pastry - Key Limepoppy Seed Tea;69.519236662;SEK
Nori Sea Weed - Gold Label;27.514112384;IDR
Cheese - Mozzarella, Buffalo;65.632351334;EUR
Pastry - Baked Cinnamon Stick;44.4348608;RUB
Veal - Bones;40.737832437;CNY
Asparagus - Frozen;53.429983759;CNY
Tomatoes - Grape;2.582912414;CNY
Tumeric;59.413131234;RUB
Scrubbie - Scotchbrite Hand Pad;99.783513497;TWD
Cheese - Swiss Sliced;39.535847298;IDR
Sugar - Monocystal / Rock;52.122639603;RUB
Sandwich Wrap;81.513442999;BRL
Turnip - White;15.417878584;GBP
Wine - Ej Gallo Sierra Valley;46.118872998;PHP
Pear - Packum;32.25591625;IRR
Squash - Pattypan, Yellow;34.715225787;IDR
Soup Bowl Clear 8oz92008;61.974311454;IDR
Steamers White;78.500517389;IDR
Lettuce - Romaine, Heart;48.478576442;SEK
Chef Hat 25cm;94.652643376;RUB
Muffin - Carrot Individual Wrap;71.677258777;EUR
Vanilla Beans;65.17587821;CNY
Longan;60.642336781;IDR
Flavouring Vanilla Artificial;93.820063463;IDR
Wine - Zonnebloem Pinotage;94.795016607;LKR
Pasta - Linguini, Dry;82.39373426;CNY
Cheese - St. Paulin;38.282639653;CNY
Pepper - Jalapeno;61.188753783;BRL
Longan;82.484363275;BRL
Bread - Multigrain Oval;91.827968513;CNY
Iced Tea Concentrate;99.627112249;IDR
Coffee Guatemala Dark;75.726710619;EUR
Caviar - Salmon;39.450301319;BRL
Tequila Rose Cream Liquor;82.857861724;PLN
Tofu - Soft;7.868144314;LTL
Beef - Striploin Aa;64.945942978;CNY
Broom Handle;92.075922135;IDR
Pork - Loin, Bone - In;44.660688845;PEN
Foil - 4oz Custard Cup;0.675495887;SEK
Chicken - Leg, Boneless;82.348732607;CNY
Pasta - Fettuccine, Dry;60.038433686;IDR
Shrimp - Prawn;89.300234852;CZK
Gatorade - Orange;84.278917629;TZS
Shrimp - Black Tiger 26/30;80.694552236;PEN
Oil - Macadamia;99.516129656;IDR
Spring Roll Wrappers;74.642306791;SEK
Juice - Ocean Spray Cranberry;76.797316401;CNY
Alize Red Passion;96.597264055;ETB
Coffee - Dark Roast;80.605758246;CNY
Bread - Rosemary Focaccia;48.901325118;CNY
Cheese - Feta;2.387450812;EUR
Beans - Black Bean, Dry;71.721029235;CAD
Mushrooms - Black, Dried;20.014421185;UAH
Hipnotiq Liquor;56.733417781;SEK
Nantucket - Pomegranate Pear;85.004476973;IDR
Water - Mineral, Carbonated;57.07220721;EGP
Pork - Loin, Bone - In;4.057484921;PLN
Pasta - Fusili Tri - Coloured;43.765638086;CNY
Beef - Striploin Aa;95.291971085;USD
Beer - Sleeman Fine Porter;26.751306873;IDR
V8 - Tropical Blend;63.007197644;EUR
Mustard - Seed;99.935189004;BRL
Doilies - 12, Paper;95.371126223;EUR
Rambutan;19.886023184;BRL
Pepper - Red Thai;53.538850583;EUR
Cake - Mini Potato Pancake;43.311605293;VEF
Apples - Spartan;97.187360021;NOK
Beans - Fava Fresh;83.096442746;IDR
Lamb - Rack;12.035302605;NIO
Water - Mineral, Natural;71.306534493;CAD
Shrimp - Prawn;23.164463127;PHP
Wine - Chablis 2003 Champs;54.356349954;CNY
Ecolab - Hand Soap Form Antibac;8.677639708;RUB
Beer - Mill St Organic;82.111947111;EUR
Monkfish - Fresh;29.125143877;THB
Plate Foam Laminated 9in Blk;68.459609403;SEK
Pancetta;64.653999528;DOP
Chip - Potato Dill Pickle;59.676403004;IDR
Pur Value;11.192932083;IDR
Energy Drink - Franks Original;3.655110255;CNY
Gherkin - Sour;46.022677396;IDR
Potatoes - Peeled;27.271719454;PHP
Croissants Thaw And Serve;97.065791599;LBP
Contreau;60.943706844;CNY
The Pop Shoppe - Grape;99.306645965;BAM
Beef - Ground Medium;45.906036256;IDR
Curry Paste - Green Masala;92.950716378;KRW
Pasta - Bauletti, Chicken White;98.371392427;IDR
Edible Flower - Mixed;63.610374791;PLN
Flower - Potmums;93.533905383;MNT
Wine - Saint - Bris 2002, Sauv;55.953075589;NOK
Mushrooms - Honey;86.050605745;RUB
Pork - Hock And Feet Attached;11.161231248;RUB
Cheese - Provolone;83.434423229;RUB
Salmon - Smoked, Sliced;55.403623407;XOF
Cheese - Provolone;42.007617892;IDR
Cape Capensis - Fillet;71.251388137;BRL
Sauce - Hollandaise;89.016489564;BRL
Versatainer Nc - 9388;93.154311226;CNY
Bouq All Italian - Primerba;64.557243117;RUB
Steam Pan Full Lid;38.941257979;EUR
Beef - Rib Roast, Capless;79.331341176;CZK
Apple - Royal Gala;59.289726529;COP
Olive - Spread Tapenade;84.450316628;RUB
Chickensplit Half;98.368805667;KPW
Lamb - Leg, Diced;64.900081974;RUB
Mousse - Mango;16.31905729;IDR
Muffin - Zero Transfat;57.706173524;HTG
Extract - Vanilla,artificial;58.24837575;BRL
Onions - Pearl;29.307143382;PEN
Aspic - Amber;64.142853765;PHP
Sunflower Seed Raw;8.554574148;CNY
Tomatoes - Heirloom;93.350157663;EUR
Crackers - Graham;89.314026503;PLN
Nut - Hazelnut, Ground, Natural;87.370201468;EUR
Wine - Tribal Sauvignon;5.245105959;CNY
Venison - Denver Leg Boneless;59.44715923;JPY
Turnip - Mini;81.449330199;IDR
Puree - Mango;78.33690489;PHP
Energy Drink;54.421531836;BRL
Wine - White, Antinore Orvieto;13.390131909;YER
Pork - Sausage Casing;32.322616974;EUR
Muffin Puck Ww Carrot;50.624795396;PHP
Nut - Pecan, Halves;41.365113911;VEF
Muffin Puck Ww Carrot;61.271492395;USD
Table Cloth 72x144 White;8.572177052;IDR
Bread - Olive Dinner Roll;11.100666816;UAH
Pork - Backfat;75.772904423;KRW
Chocolate - Liqueur Cups With Foil;23.06184946;SEK
Cherries - Frozen;90.78098156;USD
Grapefruit - White;7.545108185;RUB
Oil - Sunflower;69.656594238;BRL
Crackers - Water;78.246635359;THB
Jolt Cola;38.905849997;IDR
Cod - Fillets;53.590611502;PHP
Beer - Upper Canada Light;45.762973718;ZWL
Compound - Passion Fruit;55.569526937;RUB
Garlic;98.34070621;RSD
Sterno - Chafing Dish Fuel;74.815789876;CNY
Soup - Beef, Base Mix;13.167226522;PHP
Kellogs Special K Cereal;30.558928889;SEK
Veal - Tenderloin, Untrimmed;59.66537612;SEK
Lamb - Leg, Bone In;93.907589038;CNY
Pie Shells 10;29.671652835;AOA
Sauce - Soya, Dark;0.623276505;KZT
Isomalt;44.02805307;CAD
Rum - Coconut, Malibu;72.528744878;JPY
Filling - Mince Meat;31.576407438;CNY
Wine - White, Schroder And Schyl;33.399953984;CNY
Appetizer - Mini Egg Roll, Shrimp;62.841508051;CAD
Coffee - Espresso;28.37708555;ARS
Appetiser - Bought;94.545988966;TZS
Lemon Balm - Fresh;8.792837068;CNY
Bamboo Shoots - Sliced;29.41424335;ETB
Sauce - Demi Glace;76.241390103;EUR
Wine - White, Colubia Cresh;81.423313564;NGN
Soup Campbells;78.060050699;JOD
Juice - Cranberry 284ml;38.45856046;EUR
Arizona - Plum Green Tea;99.117777999;IDR
Onions - Cippolini;20.987173355;JPY
Lamb - Racks, Frenched;60.29172082;EUR
Pasta - Penne Primavera, Single;66.935515718;GTQ
Raspberries - Fresh;37.230070844;PHP
Beef - Tenderloin - Aa;39.406852027;CNY
Broom And Broom Rack White;28.227273191;CNY
Carrots - Mini, Stem On;21.881242702;BRL
Wine - Barolo Fontanafredda;65.97066481;CNY
Coffee - Frthy Coffee Crisp;32.954034125;USD
Beer - Alexander Kieths, Pale Ale;68.929468055;USD
Wine - Casillero Del Diablo;1.240744866;MNT
Wine - Casillero Del Diablo;88.46754474;UAH
Beef Striploin Aaa;62.608214098;AZN
Nut - Pecan, Halves;66.710231399;CNY
French Pastry - Mini Chocolate;54.195768659;IDR
Bread - Kimel Stick Poly;28.938401221;CRC
Fish - Halibut, Cold Smoked;8.279109933;CNY
Tendrils - Baby Pea, Organic;65.4358022;SEK
Garbage Bags - Clear;86.417836277;PLN
Oil - Sunflower;65.607826516;EUR
Beans - Black Bean, Canned;92.772081646;CNY
Kohlrabi;74.812571244;RUB
Mushroom - Trumpet, Dry;73.832043062;CNY
Muffin Mix - Lemon Cranberry;1.432104312;IDR
Brownies - Two Bite, Chocolate;12.16239656;CAD
Paste - Black Olive;80.594250018;RUB
Food Colouring - Pink;21.265737788;SEK
Cheese - Gouda Smoked;16.076757897;CNY
Schnappes - Peach, Walkers;22.680725211;CNY
Iced Tea - Lemon, 340ml;84.424210673;PHP
Stainless Steel Cleaner Vision;29.239663967;CNY
Bread - Hot Dog Buns;78.560152438;THB
Muffin Chocolate Individual Wrap;24.994732942;SEK
Wine - Red, Harrow Estates, Cab;30.903628373;CNY
Toothpick Frilled;69.656115293;TND
Tuna - Bluefin;25.595175116;NGN
Wine - Vidal Icewine Magnotta;46.697469574;PHP
Pecan Raisin - Tarts;36.098014476;CAD
Wine - Zonnebloem Pinotage;10.156362486;USD
Cookie Trail Mix;21.241186384;CNY
Cake - Pancake;17.657822434;IDR
Red Snapper - Fresh, Whole;51.455490067;IDR
Anchovy Paste - 56 G Tube;93.365409409;EUR
Juice - Orange 1.89l;58.653529293;CNY
Wine - Fume Blanc Fetzer;99.219011402;CNY
Onions - White;70.817666998;BRL
Nantucket - 518ml;77.584528837;PEN
Beer - Camerons Cream Ale;2.177320223;AMD
Ecolab - Ster Bac;95.361785109;EUR
Arizona - Green Tea;58.717772831;XOF
Beef - Ox Tongue;1.530716239;BRL
Shrimp - Black Tiger 13/15;74.90457466;CNY
Pasta - Orzo, Dry;49.689793263;AOA
Juice - V8, Tomato;50.275999242;EUR
Nougat - Paste / Cream;19.634127393;IDR
Yoplait Drink;73.965694164;RUB
Table Cloth 81x81 White;90.623042788;BRL
Bread - Pita, Mini;62.306973905;CNY
Relish;95.901725303;CNY
Scallops - 20/30;12.684450657;NPR
Tuna - Yellowfin;94.757483998;RUB
Potatoes - Mini White 3 Oz;14.478034951;IDR
Cheese - Goat;48.836901173;UAH
Soup - Campbells Asian Noodle;66.427218024;PHP
Flax Seed;26.792942506;ARS
Maple Syrup;89.229111286;IRR
Vaccum Bag 10x13;19.314223802;PHP
Smoked Tongue;93.124296293;BRL
Wanton Wrap;47.601815735;PEN
Amaretto;13.657662458;CNY
Beef - Outside, Round;47.283229142;LBP
Cheese - Comte;96.396075332;BRL
Cheese - Le Cheve Noir;55.378648109;CNY
Pickerel - Fillets;67.145613417;PLN
Soup Knorr Chili With Beans;79.662655087;PLN
Transfer Sheets;55.112857932;IDR
Campari;93.224038974;IDR
Cheese Cloth;35.86030752;EUR
Water - Tonic;6.830887981;CAD
Cup - 6oz, Foam;23.835388825;ARS
Currants;70.013862704;CAD
Wine - Touraine Azay - Le - Rideau;91.285010104;CNY
General Purpose Trigger;83.650134367;NOK
Bread - Rolls, Rye;1.974300545;SEK
Bread - Italian Corn Meal Poly;0.884559049;EUR
Bread - Bagels, Mini;52.806506757;IDR
Lamb - Shanks;31.831377231;EUR
Arctic Char - Fillets;28.622351421;ARS
Tea - Grapefruit Green Tea;76.800063279;CNY
Rice - Basmati;88.112617378;GBP
Pork - Loin, Bone - In;81.314814386;SOS
Soup - Campbells - Tomato;52.870173832;RSD
Wine - Domaine Boyar Royal;43.310739505;EUR
Flower - Leather Leaf Fern;44.283506958;RUB
Stock - Veal, White;13.926497537;CNY
Beef - Tenderloin - Aa;26.412697458;TND
Glass Clear 7 Oz Xl;21.253266296;EUR
Cherries - Maraschino,jar;44.638483869;EUR
Pasta - Agnolotti - Butternut;69.483487474;CNY
Ecolab - Mikroklene 4/4 L;92.59411075;PEN
Pop - Club Soda Can;17.531311403;CNY
Lemonade - Pineapple Passion;93.382604465;BRL
Lemonade - Strawberry, 591 Ml;44.768361358;CNY
Crackers - Trio;78.856616623;CNY
Ecolab Crystal Fusion;22.48373136;CNY
Flour - All Purpose;44.329473992;CNY
Wine - Riesling Alsace Ac 2001;5.981124927;BRL
Yogurt - Plain;25.86691912;EUR
Laundry - Bag Cloth;83.1812748;ZAR
Bread - Pumpernickle, Rounds;67.462686284;RUB
Beans - Fava Fresh;16.679577811;JPY
Chicken - Base, Ultimate;10.872343812;BRL
Bagels Poppyseed;28.285164986;MMK
Glove - Cutting;74.488987289;THB
Wine - Cabernet Sauvignon;86.034874404;PKR
Hagen Daza - Dk Choocolate;85.682037479;CNY
Dooleys Toffee;95.211432659;VND
Hinge W Undercut;44.753497819;EUR
Island Oasis - Lemonade;0.968396494;CAD
Melon - Honey Dew;12.39265873;RUB
Sugar - White Packet;95.662513892;KRW
Thyme - Dried;56.381459576;CNY
Bread - Bistro Sour;97.967699479;EUR
Pail - 4l White, With Handle;38.459064252;CAD
Uniform Linen Charge;64.245391923;UZS
Basil - Dry, Rubbed;23.704377204;PHP
Onions Granulated;28.189480302;EUR
Soup - French Can Pea;81.71577239;CNY
Lettuce - Frisee;42.953209748;CNY
Veal - Leg;63.047164889;USD
Rum - Coconut, Malibu;36.593902221;RUB
Pears - Bosc;57.332488047;NZD
Capon - Breast, Double, Wing On;88.59815548;PHP
Lettuce Romaine Chopped;86.565045076;CAD
Beef - Rib Eye Aaa;25.402667586;CNY
Sugar - Sweet N Low, Individual;14.39979871;EUR
Fondant - Icing;93.385361897;EUR
Muffin Orange Individual;38.229683813;RUB
Pepper - Sorrano;84.079255836;EUR
Meldea Green Tea Liquor;85.830663891;CZK
Coffee - Ristretto Coffee Capsule;34.234858962;SYP
Kahlua;85.801853107;CNY
Bread - Focaccia Quarter;28.050935383;CNY
Wasabi Powder;47.55894761;RUB
Sugar - Individual Portions;25.643028265;XOF
Flower - Commercial Spider;82.573180496;CNY
Bread - Dark Rye;72.839300595;UAH
Coffee Beans - Chocolate;86.015572002;RUB
Calvados - Boulard;53.58209566;PLN
Pork - Shoulder;22.686973611;IDR
Coffee - Irish Cream;84.869057108;CZK
Bread - Sour Sticks With Onion;84.843770824;LAK
Tofu - Soft;77.781145747;JPY
Zucchini - Mini, Green;26.00720364;ARS
Steampan - Foil;27.490821775;CNY
Apricots Fresh;91.461814911;EUR
Ice Cream Bar - Hagen Daz;23.525769371;EUR
Juice - Tomato, 10 Oz;35.685354987;EUR
Truffle Shells - White Chocolate;22.177355972;IDR
Pear - Prickly;3.986028393;IDR
Snapple Lemon Tea;65.005791881;CNY
Bread - Sour Sticks With Onion;45.474017499;CNY
Sprouts - Onion;45.831451819;CNY
Wine - Tribal Sauvignon;37.392342816;EUR
Butter - Unsalted;46.591134188;IDR
Cloves - Ground;56.985256455;EUR
Sunflower Seed Raw;64.401608672;SEK
Lid - 0090 Clear;41.834512279;CNY
Spice - Montreal Steak Spice;44.748362684;BRL
Capon - Whole;5.146746456;LKR
Tarts Assorted;35.466183218;HKD
Cherries - Frozen;84.31573239;EUR
Tea - Decaf 1 Cup;69.963613406;UGX
Chips - Doritos;11.182621017;BRL
Shrimp - 21/25, Peel And Deviened;96.656587575;JPY
Wine - Alsace Riesling Reserve;40.691485252;IDR
Pork - Butt, Boneless;93.241887246;CNY
Extract Vanilla Pure;61.516446415;CNY
Soup - Beef, Base Mix;29.168580776;THB
Sping Loaded Cup Dispenser;72.095872537;EUR
Garam Masala Powder;44.717920595;ILS
Radish - Black, Winter, Organic;93.748733854;RUB
Butter Sweet;24.435046435;EUR
Beer - Guiness;40.531968415;MXN
Cookie Trail Mix;57.421540601;MXN
Pernod;6.8563236;EUR
Bread Base - Toscano;71.39353334;BRL
Bread - Olive Dinner Roll;62.203114627;USD
Octopus - Baby, Cleaned;22.354678203;PKR
Squid - U - 10 Thailand;36.959099397;EUR
Cocoa Butter;60.891493471;CNY
Wine - Port Late Bottled Vintage;62.950784102;RUB
Rabbit - Saddles;35.057720951;BRL
Truffle - Peelings;87.102825995;CNY
Chicken Thigh - Bone Out;84.189619363;CZK
Tart - Lemon;35.911298039;PEN
Soup - Canadian Pea, Dry Mix;58.236645105;RUB
Nut - Almond, Blanched, Ground;92.264512266;EUR
Gingerale - Schweppes, 355 Ml;19.006915391;UAH
Truffle Shells - Semi - Sweet;5.617498963;CNY
Orange Roughy 6/8 Oz;18.662142116;XAF
Orange Roughy 6/8 Oz;5.611977629;RUB
V8 - Berry Blend;58.958211962;EUR
Olives - Morracan Dired;46.718658957;CNY
Bread - Bagels, Plain;21.823278274;IDR
Lamb - Shoulder;76.476397195;CNY
Pasta - Agnolotti - Butternut;47.370235681;RUB
Lettuce - Escarole;93.140514294;THB
Artichoke - Bottom, Canned;57.26906667;EUR
Bread - Roll, Canadian Dinner;14.428462918;EUR
Salmon Steak - Cohoe 6 Oz;20.382832498;PHP
Doilies - 7, Paper;43.968637854;AZN
Veal - Inside;92.79017558;ZWL
Honey - Lavender;82.985318374;PHP
Pork - Caul Fat;52.654097853;COP
Table Cloth 81x81 White;32.31268842;USD
Veal - Inside;70.303532285;THB
Remy Red;58.4639618;RUB
Tea - Herbal - 6 Asst;82.722236617;SEK
Mayonnaise - Individual Pkg;28.057831439;EUR
Lobster - Base;37.06838205;BWP
Duck - Fat;38.567381259;EUR
Lotus Leaves;91.847255448;EUR
Peas - Frozen;36.739923877;RUB
Squash - Acorn;25.139468205;CNY
Bar Special K;47.350560352;IDR
Wine - Muscadet Sur Lie;34.660117932;UAH
Alize Red Passion;95.283726921;EUR
Beer - Steamwhistle;55.146780912;VND
Beets - Mini Golden;74.78312098;ALL
Tomato - Plum With Basil;75.535248267;IDR
Calypso - Pineapple Passion;15.123792126;PLN
Rice - Basmati;17.273721006;RSD
Icecream Bar - Del Monte;37.763917078;PHP
Wood Chips - Regular;23.392206979;CNY
Flour - Cake;27.007336948;EUR
Mustard - Seed;26.543439974;BRL
Arctic Char - Fresh, Whole;83.668726541;CNY
Squid - Breaded;28.76591344;GBP
Container - Clear 16 Oz;10.787165239;ARS
Fish - Halibut, Cold Smoked;17.706358902;PLN
Soup - Campbells, Lentil;62.309481091;CNY
Beef - Striploin;37.33732797;BRL
Tendrils - Baby Pea, Organic;6.032748774;SEK
Steel Wool;38.411466463;LBP
Wine - Segura Viudas Aria Brut;88.958779154;CNY
Cheese - Swiss Sliced;41.437106643;PHP
Garlic;83.837538896;ARS
Orange Roughy 4/6 Oz;48.770621479;IDR
Coffee Cup 16oz Foam;45.76038689;ARS
Cherries - Fresh;41.280027278;QAR
Lamb - Shoulder;79.049025421;PLN
Rum - Coconut, Malibu;62.134096822;PLN
Brandy Apricot;16.075913059;CNY
Beans - Butter Lrg Lima;48.075053833;RUB
Salmon - Atlantic, Fresh, Whole;86.102173032;IDR
Wiberg Super Cure;83.711641589;QAR
Oil - Grapeseed Oil;39.918371525;CNY
Emulsifier;7.596341584;IDR
Bouq All Italian - Primerba;26.405163398;ARS
Flour - Cake;76.185775132;UAH
Pie Pecan;81.810541865;UAH
Roe - Lump Fish, Black;98.555352824;USD
Table Cloth 81x81 Colour;38.332631843;PHP
Shrimp - 16 - 20 Cooked, Peeled;43.280827973;CNY
Snapple - Iced Tea Peach;83.646755398;EGP
Corn - On The Cob;28.778081212;KZT
Hersey Shakes;2.097119727;PHP
Soup - Tomato Mush. Florentine;80.720838617;BRL
Pepper - Green;11.712209812;CZK
Ham - Proscuitto;94.107662236;CNY
Passion Fruit;76.880265939;BAM
Wine - Stoneliegh Sauvignon;81.760651233;EUR
Wine - Riesling Dr. Pauly;66.930360192;IDR
Blackberries;55.112379304;PHP
Plums - Red;13.017978501;RUB
Vacuum Bags 12x16;22.497245436;CNY
Bagelers - Cinn / Brown;97.510965533;PHP
Muffin Mix - Corn Harvest;32.231773193;CNY
Thermometer Digital;2.087262315;SEK
Bagelers;36.102389765;UAH
Ecolab - Balanced Fusion;30.938175933;BRL
Beer - Blue;81.977612519;PHP
Bread - White, Sliced;27.334187934;USD
Cornstarch;37.68505784;IDR
Wine - Baron De Rothschild;81.812913728;IDR
Coconut - Shredded, Sweet;37.832504854;BRL
Water - Evian 355 Ml;87.611136802;EUR
Frangelico;23.267647118;ARS
Beef - Prime Rib Aaa;48.790943282;ZAR
Chicken - Base, Ultimate;67.290501512;CZK
Tea - Orange Pekoe;49.549614209;USD
Chestnuts - Whole,canned;42.371495358;CNY
Wine - White, Concha Y Toro;95.754329965;BRL
Beef - Short Loin;30.916909709;PHP
Sherbet - Raspberry;43.717129668;ALL
Beef Wellington;8.124176256;CNY
Cookies Almond Hazelnut;97.675856064;CAD
Mushroom - King Eryingii;25.611208673;BRL
Beef - Eye Of Round;11.270187305;LBP
Table Cloth - 53x69 Colour;99.178992598;ALL
Lobster - Live;17.795040517;COP
Muffin - Mix - Creme Brule 15l;96.0333605;EUR
Bread Ww Cluster;0.980858031;PHP
Ecolab - Hobart Upr Prewash Arm;48.210602171;ZAR
V8 Pet;64.932473702;IDR
Chips - Miss Vickies;52.539153814;SYP
Bread - Pain Au Liat X12;3.085271188;CNY
Rabbit - Legs;6.247711827;BDT
Cabbage - Nappa;95.258732981;EUR
Oil - Shortening - All - Purpose;14.362701358;EUR
Grapefruit - Pink;92.101129283;THB
Foil Cont Round;23.547993406;ETB
Lamb - Whole Head Off;19.935230369;SEK
Wine - Barbera Alba Doc 2001;68.090026708;BRL
Mackerel Whole Fresh;73.488940258;CNY
Pepper - Chili Powder;82.217672556;KZT
Foil Wrap;4.92406296;UAH
Aspic - Clear;48.123024777;CNY
Oven Mitts 17 Inch;55.883324709;EUR
Red Snapper - Fillet, Skin On;91.147248509;BRL
Water, Tap;98.955047369;IDR
Plasticforkblack;35.10222801;CNY
Cheese - Cheddar, Old White;61.076325541;THB
Cookie Dough - Peanut Butter;14.066980256;MYR
Skirt - 24 Foot;44.121184303;ARS
Chicken - Leg, Fresh;23.881634985;SYP
Phyllo Dough;66.912651518;PHP
Calypso - Strawberry Lemonade;67.39992637;MNT
Veal - Provimi Inside;21.040045377;IDR
Salt - Kosher;70.767073044;AFN
Mustard - Dijon;31.309669654;XOF
Horseradish Root;54.639109679;EUR
Salmon Atl.whole 8 - 10 Lb;75.039029834;CNY
Duck - Breast;58.177360348;PHP
Munchies Honey Sweet Trail Mix;70.971987064;MAD
Fish - Artic Char, Cold Smoked;76.883457536;EUR
Dawn Professionl Pot And Pan;24.376950006;USD
Wine - Zinfandel Rosenblum;78.73847974;IDR
Wine - Manischewitz Concord;1.168095933;JPY
Plate - Foam, Bread And Butter;58.980845193;YER
Beer - Sleeman Fine Porter;49.757184168;CNY
Beer - Sleemans Honey Brown;88.886501277;HNL
Cookie Trail Mix;96.888079574;CZK
Carbonated Water - Blackcherry;93.414689173;PHP
Pail - 15l White, With Handle;28.341610785;AUD
Blue Curacao - Marie Brizard;83.853373272;CNY
Beer - Upper Canada Light;8.631554991;VND
Tea - English Breakfast;15.220912963;BRL
Pork - Caul Fat;1.165648427;ILS
Oil - Margarine;21.320215352;BRL
Cheese - Brick With Pepper;21.755451639;BRL
Muffin Carrot - Individual;87.704552205;CNY
Sauce - White, Mix;37.595862452;CNY
Ecolab - Lime - A - Way 4/4 L;32.87248543;BRL
Fond - Chocolate;94.803821121;CAD
Bread - Crusty Italian Poly;97.558168351;PHP
Bar Special K;16.736616381;USD
Jam - Raspberry;45.988638484;IDR
Coke - Diet, 355 Ml;80.143966829;PHP
Glass Clear 8 Oz;59.208047726;EUR
Appetizer - Shrimp Puff;21.374767159;CNY
Hickory Smoke, Liquid;10.090478615;IDR
Coconut - Creamed, Pure;89.389579885;SEK
Container - Clear 16 Oz;72.508549308;CNY
Jam - Marmalade, Orange;60.809414829;XOF
Bread - White, Sliced;97.505409383;RUB
Chocolate - Milk;30.905197145;RSD
Ezy Change Mophandle;28.959597233;IDR
Tomatoes - Orange;54.884597571;SEK
Veal - Shank, Pieces;20.330636813;VEF
Sauce - Mint;30.422527092;PHP
Longos - Chicken Cordon Bleu;46.557982826;RUB
Shrimp - 100 / 200 Cold Water;46.710044847;CNY
Ostrich - Fan Fillet;35.922024108;JPY
Cinnamon Buns Sticky;8.667117477;CNY
Rosemary - Primerba, Paste;16.196079123;CZK
Food Colouring - Pink;90.376374038;PHP
Compound - Passion Fruit;60.0173914;PHP
Cheese - Provolone;49.837111876;NZD
Mustard - Seed;26.54213829;DOP
Shrimp - Prawn;64.1353931;CNY
Turkey - Breast, Boneless Sk On;46.184048155;KPW
Wine - Red, Wolf Blass, Yellow;0.256342384;CNY
Muffin - Blueberry Individual;95.255598427;GEL
Cup - 3.5oz, Foam;92.25472918;SYP
Cinnamon - Ground;74.422436877;JPY
Yukon Jack;93.192571898;CNY
Aromat Spice / Seasoning;88.40530387;RUB
Syrup - Monin - Granny Smith;80.163436406;VND
Food Colouring - Green;36.162367434;USD
Island Oasis - Mango Daiquiri;26.233933604;IDR
Sun - Dried Tomatoes;60.731830884;CNY
Mints - Striped Red;70.691960138;SYP
Flour Dark Rye;45.81035817;SEK
Paper - Brown Paper Mini Cups;94.49792529;EUR
Coffee - Hazelnut Cream;32.129163391;KZT
Sauce Tomato Pouch;49.137993834;IDR
Lentils - Green, Dry;72.082826356;IDR
Onions - Green;75.38884243;CNY
Cheese - Havarti, Roasted Garlic;16.003473245;EUR
Salt - Table;25.12301521;SEK
Pepper - White, Ground;59.553576237;NPR
Beef - Diced;50.434366874;CNY
Foil Cont Round;73.084872597;RUB
Sprouts - Corn;58.623900983;PLN
Bag - Bread, White, Plain;59.057492128;AMD
Cheese - Cheddar With Claret;36.162149561;RUB
Wine - Blue Nun Qualitatswein;17.590551653;CNY
Foil Wrap;55.381850122;RUB
Tea - Lemon Scented;0.696462858;CNY
Pails With Lids;85.257956943;RUB
Corn Kernels - Frozen;33.598772127;LTL
Syrup - Monin, Amaretta;54.627131379;IDR
